H,phase,year,model,quarter,n,base,auc
60,0,2025,ext_only,2025Q1,60,0.36666666666666664,0.5179425837320574
60,0,2025,ext_only,2025Q2,49,0.40816326530612246,0.5982758620689655
60,0,2025,ext_only,2025Q3,53,0.33962264150943394,0.5555555555555556
60,0,2025,ext_only,2025Q4,52,0.38461538461538464,0.5546875
60,0,2025,micro3,2025Q1,60,0.36666666666666664,0.6507177033492823
60,0,2025,micro3,2025Q2,49,0.40816326530612246,0.6103448275862069
60,0,2025,micro3,2025Q3,53,0.33962264150943394,0.5650793650793651
60,0,2025,micro3,2025Q4,52,0.38461538461538464,0.6125
60,0,2025,micro3_ext,2025Q1,60,0.36666666666666664,0.6363636363636364
60,0,2025,micro3_ext,2025Q2,49,0.40816326530612246,0.5948275862068966
60,0,2025,micro3_ext,2025Q3,53,0.33962264150943394,0.5793650793650794
60,0,2025,micro3_ext,2025Q4,52,0.38461538461538464,0.6296875
60,0,2025,micro3_ext_inter,2025Q1,60,0.36666666666666664,0.604066985645933
60,0,2025,micro3_ext_inter,2025Q2,49,0.40816326530612246,0.5706896551724138
60,0,2025,micro3_ext_inter,2025Q3,53,0.33962264150943394,0.5777777777777777
60,0,2025,micro3_ext_inter,2025Q4,52,0.38461538461538464,0.6203125
60,0,2026,ext_only,2026Q1,73,0.3835616438356164,0.5714285714285714
60,0,2026,ext_only,2026Q2,45,0.26666666666666666,0.5707070707070707
60,0,2026,ext_only,2026Q3,18,0.3333333333333333,0.6388888888888888
60,0,2026,micro3,2026Q1,73,0.3835616438356164,0.6904761904761905
60,0,2026,micro3,2026Q2,45,0.26666666666666666,0.43434343434343436
60,0,2026,micro3,2026Q3,18,0.3333333333333333,0.7361111111111112
60,0,2026,micro3_ext,2026Q1,73,0.3835616438356164,0.7111111111111111
60,0,2026,micro3_ext,2026Q2,45,0.26666666666666666,0.5277777777777778
60,0,2026,micro3_ext,2026Q3,18,0.3333333333333333,0.7361111111111112
60,0,2026,micro3_ext_inter,2026Q1,73,0.3835616438356164,0.707936507936508
60,0,2026,micro3_ext_inter,2026Q2,45,0.26666666666666666,0.5126262626262627
60,0,2026,micro3_ext_inter,2026Q3,18,0.3333333333333333,0.7222222222222222
60,2,2025,ext_only,2025Q1,58,0.3793103448275862,0.5290404040404041
60,2,2025,ext_only,2025Q2,47,0.3829787234042553,0.5689655172413793
60,2,2025,ext_only,2025Q3,52,0.4423076923076923,0.4947526236881559
60,2,2025,ext_only,2025Q4,53,0.37735849056603776,0.593939393939394
60,2,2025,micro3,2025Q1,58,0.3793103448275862,0.6919191919191919
60,2,2025,micro3,2025Q2,47,0.3829787234042553,0.41762452107279696
60,2,2025,micro3,2025Q3,52,0.4423076923076923,0.5577211394302849
60,2,2025,micro3,2025Q4,53,0.37735849056603776,0.6545454545454545
60,2,2025,micro3_ext,2025Q1,58,0.3793103448275862,0.6199494949494949
60,2,2025,micro3_ext,2025Q2,47,0.3829787234042553,0.4386973180076628
60,2,2025,micro3_ext,2025Q3,52,0.4423076923076923,0.5142428785607196
60,2,2025,micro3_ext,2025Q4,53,0.37735849056603776,0.6530303030303031
60,2,2025,micro3_ext_inter,2025Q1,58,0.3793103448275862,0.6098484848484849
60,2,2025,micro3_ext_inter,2025Q2,47,0.3829787234042553,0.4501915708812261
60,2,2025,micro3_ext_inter,2025Q3,52,0.4423076923076923,0.5097451274362819
60,2,2025,micro3_ext_inter,2025Q4,53,0.37735849056603776,0.6439393939393939
60,2,2026,ext_only,2026Q1,70,0.35714285714285715,0.5066666666666667
60,2,2026,ext_only,2026Q2,44,0.2727272727272727,0.6119791666666666
60,2,2026,ext_only,2026Q3,17,0.4117647058823529,0.7
60,2,2026,micro3,2026Q1,70,0.35714285714285715,0.6995555555555556
60,2,2026,micro3,2026Q2,44,0.2727272727272727,0.4348958333333333
60,2,2026,micro3,2026Q3,17,0.4117647058823529,0.7857142857142857
60,2,2026,micro3_ext,2026Q1,70,0.35714285714285715,0.664
60,2,2026,micro3_ext,2026Q2,44,0.2727272727272727,0.5390625
60,2,2026,micro3_ext,2026Q3,17,0.4117647058823529,0.7857142857142857
60,2,2026,micro3_ext_inter,2026Q1,70,0.35714285714285715,0.6737777777777778
60,2,2026,micro3_ext_inter,2026Q2,44,0.2727272727272727,0.5390625
60,2,2026,micro3_ext_inter,2026Q3,17,0.4117647058823529,0.7857142857142857
120,0,2025,ext_only,2025Q1,60,0.45,0.4826038159371493
120,0,2025,ext_only,2025Q2,49,0.5714285714285714,0.5578231292517006
120,0,2025,ext_only,2025Q3,53,0.5094339622641509,0.5626780626780626
120,0,2025,ext_only,2025Q4,52,0.5,0.6538461538461539
120,0,2025,micro3,2025Q1,60,0.45,0.590347923681257
120,0,2025,micro3,2025Q2,49,0.5714285714285714,0.49489795918367346
120,0,2025,micro3,2025Q3,53,0.5094339622641509,0.5669515669515669
120,0,2025,micro3,2025Q4,52,0.5,0.613905325443787
120,0,2025,micro3_ext,2025Q1,60,0.45,0.5342312008978676
120,0,2025,micro3_ext,2025Q2,49,0.5714285714285714,0.47959183673469385
120,0,2025,micro3_ext,2025Q3,53,0.5094339622641509,0.6054131054131054
120,0,2025,micro3_ext,2025Q4,52,0.5,0.658284023668639
120,0,2025,micro3_ext_inter,2025Q1,60,0.45,0.5286195286195287
120,0,2025,micro3_ext_inter,2025Q2,49,0.5714285714285714,0.4812925170068027
120,0,2025,micro3_ext_inter,2025Q3,53,0.5094339622641509,0.6196581196581197
120,0,2025,micro3_ext_inter,2025Q4,52,0.5,0.6730769230769231
120,0,2026,ext_only,2026Q1,74,0.5,0.5836376917457998
120,0,2026,ext_only,2026Q2,46,0.41304347826086957,0.4873294346978557
120,0,2026,ext_only,2026Q3,18,0.5,0.5802469135802469
120,0,2026,micro3,2026Q1,74,0.5,0.6661796932067202
120,0,2026,micro3,2026Q2,46,0.41304347826086957,0.5048732943469786
120,0,2026,micro3,2026Q3,18,0.5,0.4691358024691358
120,0,2026,micro3_ext,2026Q1,74,0.5,0.704163623082542
120,0,2026,micro3_ext,2026Q2,46,0.41304347826086957,0.5341130604288499
120,0,2026,micro3_ext,2026Q3,18,0.5,0.4444444444444444
120,0,2026,micro3_ext_inter,2026Q1,74,0.5,0.6975894813732652
120,0,2026,micro3_ext_inter,2026Q2,46,0.41304347826086957,0.5243664717348928
120,0,2026,micro3_ext_inter,2026Q3,18,0.5,0.4444444444444444
120,2,2025,ext_only,2025Q1,58,0.4827586206896552,0.4880952380952381
120,2,2025,ext_only,2025Q2,47,0.574468085106383,0.5444444444444444
120,2,2025,ext_only,2025Q3,52,0.5961538461538461,0.5130568356374808
120,2,2025,ext_only,2025Q4,53,0.4716981132075472,0.63
120,2,2025,micro3,2025Q1,58,0.4827586206896552,0.5976190476190476
120,2,2025,micro3,2025Q2,47,0.574468085106383,0.3648148148148148
120,2,2025,micro3,2025Q3,52,0.5961538461538461,0.5591397849462365
120,2,2025,micro3,2025Q4,53,0.4716981132075472,0.5714285714285714
120,2,2025,micro3_ext,2025Q1,58,0.4827586206896552,0.5357142857142857
120,2,2025,micro3_ext,2025Q2,47,0.574468085106383,0.37962962962962965
120,2,2025,micro3_ext,2025Q3,52,0.5961538461538461,0.5299539170506913
120,2,2025,micro3_ext,2025Q4,53,0.4716981132075472,0.6157142857142858
120,2,2025,micro3_ext_inter,2025Q1,58,0.4827586206896552,0.5357142857142857
120,2,2025,micro3_ext_inter,2025Q2,47,0.574468085106383,0.39814814814814814
120,2,2025,micro3_ext_inter,2025Q3,52,0.5961538461538461,0.543778801843318
120,2,2025,micro3_ext_inter,2025Q4,53,0.4716981132075472,0.6171428571428571
120,2,2026,ext_only,2026Q1,71,0.5211267605633803,0.5429252782193958
120,2,2026,ext_only,2026Q2,44,0.38636363636363635,0.5054466230936819
120,2,2026,ext_only,2026Q3,17,0.5882352941176471,0.5
120,2,2026,micro3,2026Q1,71,0.5211267605633803,0.6724960254372019
120,2,2026,micro3,2026Q2,44,0.38636363636363635,0.4466230936819172
120,2,2026,micro3,2026Q3,17,0.5882352941176471,0.5714285714285714
120,2,2026,micro3_ext,2026Q1,71,0.5211267605633803,0.636724960254372
120,2,2026,micro3_ext,2026Q2,44,0.38636363636363635,0.47058823529411764
120,2,2026,micro3_ext,2026Q3,17,0.5882352941176471,0.5857142857142857
120,2,2026,micro3_ext_inter,2026Q1,71,0.5211267605633803,0.665341812400636
120,2,2026,micro3_ext_inter,2026Q2,44,0.38636363636363635,0.46187363834422657
120,2,2026,micro3_ext_inter,2026Q3,17,0.5882352941176471,0.5714285714285714
240,0,2025,ext_only,2025Q1,60,0.48333333333333334,0.4471635150166852
240,0,2025,ext_only,2025Q2,49,0.6122448979591837,0.5333333333333333
240,0,2025,ext_only,2025Q3,53,0.5849056603773585,0.5395894428152492
240,0,2025,ext_only,2025Q4,52,0.5384615384615384,0.6622023809523809
240,0,2025,micro3,2025Q1,60,0.48333333333333334,0.5973303670745272
240,0,2025,micro3,2025Q2,49,0.6122448979591837,0.4614035087719298
240,0,2025,micro3,2025Q3,53,0.5849056603773585,0.6158357771260997
240,0,2025,micro3,2025Q4,52,0.5384615384615384,0.6026785714285714
240,0,2025,micro3_ext,2025Q1,60,0.48333333333333334,0.5261401557285873
240,0,2025,micro3_ext,2025Q2,49,0.6122448979591837,0.45964912280701753
240,0,2025,micro3_ext,2025Q3,53,0.5849056603773585,0.6099706744868035
240,0,2025,micro3_ext,2025Q4,52,0.5384615384615384,0.6547619047619048
240,0,2025,micro3_ext_inter,2025Q1,60,0.48333333333333334,0.525027808676307
240,0,2025,micro3_ext_inter,2025Q2,49,0.6122448979591837,0.4368421052631579
240,0,2025,micro3_ext_inter,2025Q3,53,0.5849056603773585,0.6173020527859238
240,0,2025,micro3_ext_inter,2025Q4,52,0.5384615384615384,0.6577380952380952
240,0,2026,ext_only,2026Q1,74,0.581081081081081,0.568642160540135
240,0,2026,ext_only,2026Q2,46,0.4782608695652174,0.5227272727272727
240,0,2026,ext_only,2026Q3,18,0.6666666666666666,0.5416666666666666
240,0,2026,micro3,2026Q1,74,0.581081081081081,0.6804201050262566
240,0,2026,micro3,2026Q2,46,0.4782608695652174,0.44886363636363635
240,0,2026,micro3,2026Q3,18,0.6666666666666666,0.5416666666666666
240,0,2026,micro3_ext,2026Q1,74,0.581081081081081,0.6946736684171043
240,0,2026,micro3_ext,2026Q2,46,0.4782608695652174,0.5037878787878788
240,0,2026,micro3_ext,2026Q3,18,0.6666666666666666,0.5416666666666666
240,0,2026,micro3_ext_inter,2026Q1,74,0.581081081081081,0.700675168792198
240,0,2026,micro3_ext_inter,2026Q2,46,0.4782608695652174,0.4772727272727273
240,0,2026,micro3_ext_inter,2026Q3,18,0.6666666666666666,0.5277777777777778
240,2,2025,ext_only,2025Q1,58,0.5172413793103449,0.4119047619047619
240,2,2025,ext_only,2025Q2,47,0.6382978723404256,0.5372549019607843
240,2,2025,ext_only,2025Q3,52,0.6346153846153846,0.4784688995215311
240,2,2025,ext_only,2025Q4,53,0.5283018867924528,0.6171428571428571
240,2,2025,micro3,2025Q1,58,0.5172413793103449,0.5880952380952381
240,2,2025,micro3,2025Q2,47,0.6382978723404256,0.396078431372549
240,2,2025,micro3,2025Q3,52,0.6346153846153846,0.6874003189792663
240,2,2025,micro3,2025Q4,53,0.5283018867924528,0.5514285714285714
240,2,2025,micro3_ext,2025Q1,58,0.5172413793103449,0.5023809523809524
240,2,2025,micro3_ext,2025Q2,47,0.6382978723404256,0.42549019607843136
240,2,2025,micro3_ext,2025Q3,52,0.6346153846153846,0.6092503987240829
240,2,2025,micro3_ext,2025Q4,53,0.5283018867924528,0.5742857142857143
240,2,2025,micro3_ext_inter,2025Q1,58,0.5172413793103449,0.5023809523809524
240,2,2025,micro3_ext_inter,2025Q2,47,0.6382978723404256,0.43137254901960786
240,2,2025,micro3_ext_inter,2025Q3,52,0.6346153846153846,0.6060606060606061
240,2,2025,micro3_ext_inter,2025Q4,53,0.5283018867924528,0.5857142857142857
240,2,2026,ext_only,2026Q1,71,0.6056338028169014,0.5506644518272426
240,2,2026,ext_only,2026Q2,44,0.4318181818181818,0.5178947368421053
240,2,2026,ext_only,2026Q3,17,0.6470588235294118,0.5151515151515151
240,2,2026,micro3,2026Q1,71,0.6056338028169014,0.6395348837209303
240,2,2026,micro3,2026Q2,44,0.4318181818181818,0.4336842105263158
240,2,2026,micro3,2026Q3,17,0.6470588235294118,0.696969696969697
240,2,2026,micro3_ext,2026Q1,71,0.6056338028169014,0.6287375415282392
240,2,2026,micro3_ext,2026Q2,44,0.4318181818181818,0.48
240,2,2026,micro3_ext,2026Q3,17,0.6470588235294118,0.6666666666666666
240,2,2026,micro3_ext_inter,2026Q1,71,0.6056338028169014,0.6370431893687708
240,2,2026,micro3_ext_inter,2026Q2,44,0.4318181818181818,0.44842105263157894
240,2,2026,micro3_ext_inter,2026Q3,17,0.6470588235294118,0.6363636363636364
