sweep_time,dir,liq_price,liq_pivot_at,liq_available_at,liq_id,n_levels,sweep_extreme,trigger_time,trigger_close,pre_m5_owner,trigger_m5_index,entry,sl_exec,risk,win1,resolved_i,resolved_at,mfe_r,mae_r,win1_costless,year,source_k,m30_exp,m30_owner,h1_owner,owner_agree,delivery_state,broken_m5_level,penetration,acceptance_margin,strong_acceptance,m1_clean_path,m1_direct_transfer,m1_change_count,d1_atr
2022-01-04 09:00:00,1,1803.12,2022-01-04 06:15:00,2022-01-04 08:00:00,9,1,1803.07,2022-01-04 09:25:00,1805.99,-1,376,1806.24,1803.07,3.1700000000000728,0,1977,2022-01-04 11:01:00,0.34700315457409586,1.1798107255520263,0,2022,2.0,,1,1,True,True,1804.88,0.049999999999954525,1.1099999999999,True,False,False,3,
2022-01-14 14:59:00,1,1819.62,2022-01-14 13:15:00,2022-01-14 14:15:00,79,1,1819.54,2022-01-14 15:05:00,1823.01,-1,2652,1823.26,1819.54,3.7200000000000273,1,13278,2022-01-14 15:31:00,1.1263440860215117,0.8629032258064551,1,2022,2.0,1.3340006673340128,-1,1,False,True,1822.2,0.07999999999992724,0.8099999999999454,True,True,True,1,
2022-01-21 22:17:00,1,1828.44,2022-01-21 10:45:00,2022-01-21 11:45:00,113,1,1828.37,2022-01-21 23:00:00,1831.78,-1,4097,1832.1399999999999,1828.37,3.769999999999982,1,20551,2022-01-24 01:27:00,1.002652519893957,0.46684350132619945,1,2022,2.0,1.4342313787638752,-1,-1,False,True,1830.06,0.07000000000016371,1.7200000000000273,True,True,True,1,18.929285714285697
2022-01-24 14:50:00,1,1836.4,2022-01-24 09:15:00,2022-01-24 10:15:00,119,1,1836.36,2022-01-24 15:30:00,1841.36,-1,4283,1841.6,1836.36,5.240000000000009,0,21409,2022-01-24 15:45:00,0.25763358778628515,1.1889312977099251,0,2022,2.0,1.3355013550135646,1,1,True,True,1840.87,0.040000000000190994,0.4900000000000091,True,False,False,2,17.597142857142835
2022-01-28 17:11:00,-1,1792.55,2022-01-28 15:15:00,2022-01-28 16:30:00,158,1,1792.95,2022-01-28 17:25:00,1784.8,1,5410,1784.8,1793.19,8.3900000000001,0,28192,2022-01-31 13:54:00,0.32538736591179807,1.078665077473164,0,2022,2.0,0.7096991771212702,-1,-1,True,True,1785.92,0.40000000000009095,1.1200000000001182,True,True,True,1,18.89857142857139
2022-01-31 16:39:00,-1,1799.31,2022-01-28 05:15:00,2022-01-28 08:30:00,156,1,1799.63,2022-01-31 17:05:00,1794.41,1,5682,1794.41,1799.8700000000001,5.460000000000036,0,28620,2022-01-31 21:02:00,0.20695970695972557,1.0402930402930033,0,2022,2.0,1.040866755369708,1,1,False,True,1795.07,0.3200000000001637,0.6599999999998545,True,True,True,1,19.40071428571423
2022-02-08 12:31:00,-1,1820.9,2022-02-08 08:30:00,2022-02-08 09:15:00,210,1,1820.96,2022-02-08 12:55:00,1818.54,1,7288,1818.54,1821.2,2.660000000000082,0,36562,2022-02-08 15:35:00,0.4210526315788934,1.406015037593945,0,2022,2.0,1.3422867513611645,-1,1,False,True,1818.87,0.05999999999994543,0.32999999999992724,True,True,True,1,20.125714285714253
2022-03-02 17:29:00,-1,1934.84,2022-03-02 16:00:00,2022-03-02 16:45:00,322,1,1935.59,2022-03-02 18:10:00,1920.99,1,11737,1920.99,1935.83,14.839999999999918,0,59697,2022-03-03 13:03:00,0.4043126684636141,1.0013477088948775,0,2022,2.0,1.6291751874574,-1,-1,True,True,1922.89,0.75,1.900000000000091,True,False,False,3,34.586428571428556
2022-03-17 21:55:00,1,1935.5,2022-03-17 14:15:00,2022-03-17 16:00:00,403,1,1935.44,2022-03-17 22:35:00,1941.31,-1,14838,1941.54,1935.44,6.099999999999909,0,74399,2022-03-18 04:19:00,0.6163934426229585,1.0721311475409936,0,2022,2.0,1.8064005626868262,1,1,True,True,1937.95,0.05999999999994543,3.3599999999999,True,True,True,1,45.660714285714334
2022-04-04 07:21:00,1,1915.88,2022-03-30 03:00:00,2022-03-30 04:00:00,459,1,1915.45,2022-04-04 08:10:00,1918.53,-1,17965,1918.77,1915.45,3.3199999999999363,1,89809,2022-04-04 09:23:00,1.0421686746988261,0.5271084337349499,1,2022,2.0,1.125723938223945,-1,-1,False,True,1917.91,0.43000000000006366,0.6199999999998909,True,False,False,3,30.399285714285742
2022-04-12 17:55:00,-1,1978.58,2022-03-14 08:45:00,2022-03-14 10:00:00,378,1,1978.62,2022-04-12 18:50:00,1971.64,1,19749,1971.64,1978.8,7.1599999999998545,1,99103,2022-04-13 03:25:00,1.0768156424581274,0.6145251396647979,1,2022,2.0,1.9152173913043533,1,1,False,True,1971.8,0.03999999999996362,0.15999999999985448,True,False,False,5,26.608571428571427
2022-05-03 13:06:00,-1,1860.87,2022-05-03 10:30:00,2022-05-03 11:30:00,640,1,1860.93,2022-05-03 13:35:00,1856.46,1,23550,1856.46,1861.1100000000001,4.650000000000091,0,117696,2022-05-03 14:33:00,0.2709677419354766,1.021505376344066,0,2022,2.0,2.051955154498219,-1,-1,True,True,1857.61,0.060000000000172804,1.1499999999998636,True,True,True,1,27.435714285714262
2022-05-03 15:04:00,-1,1865.41,2022-05-03 05:45:00,2022-05-03 07:45:00,638,1,1865.6,2022-05-03 15:25:00,1860.05,1,23572,1860.05,1865.78,5.730000000000018,0,117794,2022-05-03 16:11:00,0.5340314136125542,1.020942408376984,0,2022,2.0,1.513645224171541,1,-1,False,True,1861.39,0.1899999999998272,1.3400000000001455,True,True,False,2,27.435714285714262
2022-05-10 16:30:00,-1,1864.5,2022-05-10 14:30:00,2022-05-10 15:30:00,670,1,1864.51,2022-05-10 16:35:00,1860.55,1,24966,1860.55,1864.69,4.1400000000001,1,124723,2022-05-10 16:46:00,1.1763285024154042,0.2922705314009679,1,2022,2.0,0.896011884356072,-1,-1,True,True,1861.24,0.009999999999990905,0.6900000000000546,True,True,True,1,28.874285714285683
2022-05-23 13:11:00,-1,1865.43,2022-05-10 09:00:00,2022-05-10 10:00:00,668,1,1865.44,2022-05-23 13:25:00,1861.58,1,27412,1861.58,1865.6200000000001,4.040000000000191,1,137062,2022-05-23 15:36:00,1.0420792079206955,0.7722772277227651,1,2022,2.0,1.4172800560813101,1,1,False,True,1863.44,0.009999999999990905,1.8600000000001273,True,True,False,0,29.514285714285716
2022-05-30 20:59:00,1,1854.18,2022-05-30 17:00:00,2022-05-30 18:00:00,767,1,1854.04,2022-05-31 01:05:00,1856.02,-1,28890,1856.26,1854.04,2.2200000000000273,0,144366,2022-05-31 02:00:00,0.29279279279283016,1.0405405405405033,0,2022,2.0,0.8602262837249782,1,1,True,True,1855.7,0.14000000000010004,0.31999999999993634,True,True,True,1,24.346428571428582
2022-06-08 13:13:00,-1,1851.31,2022-06-08 10:45:00,2022-06-08 11:45:00,814,1,1851.37,2022-06-08 14:05:00,1847.2,1,30702,1847.2,1851.55,4.349999999999909,0,153392,2022-06-08 14:35:00,0.0,1.0344827586207113,0,2022,2.0,2.1901375059270145,-1,-1,True,True,1847.27,0.05999999999994543,0.06999999999993634,True,False,False,5,21.37928571428571
2022-06-08 16:15:00,-1,1855.56,2022-06-07 22:15:00,2022-06-08 00:00:00,810,1,1856.03,2022-06-08 16:50:00,1852.16,1,30735,1852.16,1856.21,4.0499999999999545,0,153556,2022-06-08 17:19:00,0.1135802469135905,1.064197530864196,0,2022,2.0,2.1901375059270145,1,1,False,True,1852.91,0.4700000000000273,0.75,True,True,False,2,21.37928571428571
2022-07-12 14:23:00,-1,1739.1,2022-07-12 11:30:00,2022-07-12 13:30:00,974,1,1739.42,2022-07-12 15:25:00,1733.37,1,37282,1733.37,1739.6000000000001,6.230000000000246,1,186306,2022-07-12 16:50:00,1.0914927768859486,0.2552166934189539,1,2022,2.0,1.1340161255175443,-1,-1,True,True,1734.41,0.3200000000001637,1.040000000000191,True,False,False,5,21.923571428571385
2022-07-22 10:30:00,-1,1720.13,2022-07-21 23:45:00,2022-07-22 01:15:00,1032,1,1720.42,2022-07-22 10:35:00,1716.03,1,39432,1716.03,1720.6000000000001,4.570000000000164,0,197057,2022-07-22 12:12:00,0.18818380743979632,1.0131291028446265,0,2022,2.0,2.2176870748299273,1,1,False,True,1716.56,0.2899999999999636,0.5299999999999727,True,True,True,1,25.222857142857134
2022-07-26 14:22:00,1,1716.15,2022-07-25 21:45:00,2022-07-26 00:00:00,1049,1,1716.06,2022-07-26 15:15:00,1718.92,-1,40040,1719.1000000000001,1716.06,3.040000000000191,0,200002,2022-07-26 15:21:00,0.0,1.421052631578912,0,2022,2.0,1.0086898395721846,-1,-1,False,True,1718.33,0.09000000000014552,0.5900000000001455,True,False,False,5,24.471428571428564
2022-08-04 15:05:00,-1,1788.05,2022-08-02 15:30:00,2022-08-02 16:30:00,1096,1,1788.24,2022-08-04 16:05:00,1779.42,1,41982,1779.42,1788.42,9.0,0,209834,2022-08-04 18:21:00,0.5544444444444454,1.1544444444444555,0,2022,2.0,1.3614283416438846,1,1,False,True,1780.5,0.19000000000005457,1.0799999999999272,True,False,False,3,21.743571428571435
2022-08-16 17:49:00,-1,1778.58,2022-08-16 15:15:00,2022-08-16 16:00:00,1176,1,1778.65,2022-08-16 18:20:00,1775.65,1,44217,1775.65,1778.77,3.119999999999891,0,221599,2022-08-17 07:38:00,0.8621794871796077,1.0,0,2022,2.0,0.7800307219662085,-1,-1,True,True,1775.88,0.07000000000016371,0.2300000000000182,True,True,True,1,22.350714285714258
2022-09-16 14:43:00,-1,1667.72,2022-09-16 04:00:00,2022-09-16 04:45:00,1346,1,1667.81,2022-09-16 15:35:00,1661.36,1,50502,1661.36,1667.9299999999998,6.569999999999936,0,252348,2022-09-16 17:06:00,0.6255707762556986,1.015220700152228,0,2022,2.0,1.0628133294013566,-1,1,False,True,1663.58,0.08999999999991815,2.2200000000000273,True,False,False,3,23.193571428571413
2022-09-30 10:19:00,-1,1674.12,2022-09-23 09:30:00,2022-09-23 10:00:00,1392,1,1674.2,2022-09-30 11:30:00,1671.03,1,53213,1671.03,1674.32,3.2899999999999636,1,265873,2022-09-30 12:43:00,1.0942249240122117,0.5562310030394977,1,2022,2.0,2.229641326415527,1,1,False,True,1671.23,0.08000000000015461,0.20000000000004547,True,False,False,5,28.239285714285693
2022-10-05 17:03:00,1,1700.47,2022-10-04 14:15:00,2022-10-04 15:30:00,1441,1,1700.45,2022-10-05 17:40:00,1708.81,-1,54115,1708.9299999999998,1700.45,8.47999999999979,1,270565,2022-10-05 21:59:00,1.010613207547214,0.2747641509433944,1,2022,2.0,2.1056474124973126,1,-1,False,True,1708.08,0.01999999999998181,0.7300000000000182,True,True,True,1,29.725714285714275
2022-10-31 08:19:00,1,1640.66,2022-10-31 03:00:00,2022-10-31 06:00:00,1597,1,1640.48,2022-10-31 09:00:00,1643.58,-1,58991,1643.6999999999998,1640.48,3.2199999999998,0,294687,2022-10-31 09:23:00,0.2639751552795619,1.0217391304347643,0,2022,2.0,1.0469798657717992,1,-1,False,True,1642.83,0.18000000000006366,0.75,True,False,False,3,25.97285714285717
2022-10-31 16:46:00,-1,1642.06,2022-10-31 13:45:00,2022-10-31 14:30:00,1602,1,1642.07,2022-10-31 17:15:00,1637.79,1,59090,1637.79,1642.1899999999998,4.399999999999864,1,295400,2022-10-31 21:16:00,1.0522727272727848,0.5999999999999897,1,2022,2.0,1.0469798657717992,-1,-1,True,True,1638.8,0.009999999999990905,1.009999999999991,True,True,True,1,25.97285714285717
2022-11-07 16:46:00,-1,1681.71,2022-11-04 20:45:00,2022-11-07 01:30:00,1632,1,1681.87,2022-11-07 17:25:00,1675.92,1,60460,1675.92,1681.9899999999998,6.069999999999709,1,302748,2022-11-08 06:51:00,1.023064250411954,0.7314662273476178,1,2022,2.0,1.1176701570680632,1,-1,False,True,1677.34,0.15999999999985448,1.4199999999998454,True,True,False,2,27.098571428571454
2022-11-11 23:42:00,-1,1772.42,2022-08-18 14:30:00,2022-08-18 15:45:00,1192,1,1772.57,2022-11-14 01:05:00,1763.71,1,61644,1763.71,1772.9399999999998,9.22999999999979,1,308616,2022-11-14 12:44:00,1.0000000000000493,0.29469122426867406,1,2022,2.0,1.1826976229961341,1,1,False,True,1766.9,0.14999999999986358,3.1900000000000546,True,True,True,1,29.49214285714285
2022-11-24 10:07:00,1,1752.62,2022-11-24 08:00:00,2022-11-24 09:00:00,1727,1,1752.37,2022-11-24 10:35:00,1755.75,-1,63966,1755.87,1752.37,3.5,0,320283,2022-11-25 02:54:00,0.7914285714286312,1.0114285714285611,0,2022,2.0,1.4662298387096793,1,1,True,True,1754.82,0.25,0.9300000000000637,True,True,True,1,26.901428571428564
2022-11-24 12:16:00,-1,1758.59,2022-11-18 17:45:00,2022-11-18 19:30:00,1702,1,1758.64,2022-11-24 12:35:00,1755.14,1,63990,1755.14,1758.76,3.619999999999891,0,320370,2022-11-25 04:21:00,0.743093922652034,1.0276243093923036,0,2022,2.0,1.4662298387096793,1,1,False,True,1755.62,0.0500000000001819,0.4799999999997908,True,True,True,1,26.901428571428564
2022-11-25 02:54:00,1,1752.37,2022-11-24 10:00:00,2022-11-24 10:45:00,1729,1,1752.33,2022-11-25 03:10:00,1754.05,-1,64123,1754.28,1752.33,1.9500000000000455,1,320318,2022-11-25 03:29:00,1.0153846153846011,0.3025641025640535,1,2022,2.0,1.7623181005871904,-1,-1,False,True,1753.54,0.03999999999996362,0.5099999999999909,True,True,True,1,23.802142857142858
2022-12-14 03:35:00,-1,1812.61,2022-12-13 21:45:00,2022-12-14 02:00:00,1814,1,1812.65,2022-12-14 03:45:00,1810.57,1,67679,1810.57,1812.77,2.2000000000000455,1,338250,2022-12-14 06:54:00,1.013636363636351,0.7681818181818271,1,2022,2.0,1.3221204649524476,1,1,False,True,1810.63,0.040000000000190994,0.060000000000172804,True,True,True,1,23.56785714285716
2022-12-20 05:08:00,-1,1795.92,2022-12-19 17:15:00,2022-12-19 17:45:00,1840,1,1796.11,2022-12-20 06:30:00,1789.8,1,68816,1789.8,1796.2299999999998,6.429999999999836,0,343953,2022-12-20 10:02:00,0.42457231726280875,1.0404354587869358,0,2022,2.0,1.0469142697570464,-1,-1,True,True,1791.04,0.1899999999998272,1.240000000000009,True,False,False,5,25.01357142857145
2022-12-21 13:25:00,1,1811.86,2022-12-21 09:00:00,2022-12-21 09:30:00,1851,1,1811.84,2022-12-21 14:05:00,1814.75,-1,69183,1814.87,1811.84,3.0299999999999727,1,345650,2022-12-21 15:20:00,1.4125412541254914,0.5412541254125041,1,2022,2.0,2.728019720624474,1,1,True,True,1814.1,0.01999999999998181,0.650000000000091,True,True,True,1,25.83214285714288
2022-12-22 15:20:00,-1,1819.67,2022-12-22 10:15:00,2022-12-22 11:30:00,1860,1,1819.88,2022-12-22 15:35:00,1812.99,1,69477,1812.99,1820.0,7.009999999999991,1,347088,2022-12-22 16:20:00,1.091298145506434,0.1611982881597551,1,2022,2.0,0.552284109880102,-1,-1,True,True,1817.17,0.21000000000003638,4.180000000000064,True,True,True,1,24.12142857142859
2022-12-23 15:29:00,-1,1799.66,2022-12-23 13:00:00,2022-12-23 14:45:00,1866,1,1799.97,2022-12-23 15:35:00,1795.74,1,69753,1795.74,1800.09,4.349999999999909,0,348426,2022-12-23 15:39:00,0.23448275862074264,1.0597701149425278,0,2022,2.0,1.5207474580928761,1,1,False,True,1796.67,0.30999999999994543,0.9300000000000637,True,True,True,1,24.81428571428572
2022-12-23 16:40:00,1,1791.19,2022-12-23 03:00:00,2022-12-23 03:45:00,1865,1,1791.16,2022-12-23 17:15:00,1795.9,-1,69773,1796.02,1791.16,4.8599999999999,1,348545,2022-12-23 17:38:00,1.0679012345679344,0.13991769547326702,1,2022,2.0,1.5207474580928761,-1,1,False,True,1794.61,0.029999999999972715,1.290000000000191,True,False,False,3,24.81428571428572
