scenario,period,N,coverage,resolved,move_rate,dir_acc,all_win_rate,all_loss_rate,edge_score
S1_BREAKOUT_DISP_FOLLOW,2024H1,150,0.4672897196261682,122,0.8133333333333334,0.47540983606557374,0.38666666666666666,0.4266666666666667,-0.04
S1_BREAKOUT_DISP_FOLLOW,2024H2,134,0.40978593272171254,116,0.8656716417910447,0.5172413793103449,0.44776119402985076,0.417910447761194,0.029850746268656716
S1_BREAKOUT_DISP_FOLLOW,2024,284,0.4382716049382716,238,0.8380281690140845,0.4957983193277311,0.4154929577464789,0.4225352112676056,-0.007042253521126761
S1_BREAKOUT_DISP_FOLLOW,2025,223,0.4099264705882353,184,0.8251121076233184,0.5652173913043478,0.4663677130044843,0.35874439461883406,0.10762331838565023
S1_BREAKOUT_DISP_FOLLOW,2026,171,0.5074183976261127,144,0.8421052631578947,0.4722222222222222,0.39766081871345027,0.4444444444444444,-0.04678362573099415
S2_SWEEP_RECLAIM_FADE,2024H1,60,0.18691588785046728,47,0.7833333333333333,0.5531914893617021,0.43333333333333335,0.35,0.08333333333333333
S2_SWEEP_RECLAIM_FADE,2024H2,61,0.18654434250764526,45,0.7377049180327869,0.5555555555555556,0.4098360655737705,0.32786885245901637,0.08196721311475409
S2_SWEEP_RECLAIM_FADE,2024,121,0.1867283950617284,92,0.7603305785123967,0.5543478260869565,0.4214876033057851,0.33884297520661155,0.08264462809917356
S2_SWEEP_RECLAIM_FADE,2025,109,0.20036764705882354,87,0.7981651376146789,0.41379310344827586,0.3302752293577982,0.46788990825688076,-0.13761467889908258
S2_SWEEP_RECLAIM_FADE,2026,63,0.18694362017804153,41,0.6507936507936508,0.4146341463414634,0.2698412698412698,0.38095238095238093,-0.1111111111111111
S3_FAILED_BREAKOUT_FADE,2024H1,11,0.03426791277258567,8,0.7272727272727273,0.375,0.2727272727272727,0.45454545454545453,-0.18181818181818182
S3_FAILED_BREAKOUT_FADE,2024H2,22,0.0672782874617737,17,0.7727272727272727,0.47058823529411764,0.36363636363636365,0.4090909090909091,-0.045454545454545456
S3_FAILED_BREAKOUT_FADE,2024,33,0.05092592592592592,25,0.7575757575757576,0.44,0.3333333333333333,0.42424242424242425,-0.09090909090909091
S3_FAILED_BREAKOUT_FADE,2025,34,0.0625,27,0.7941176470588235,0.4074074074074074,0.3235294117647059,0.47058823529411764,-0.14705882352941177
S3_FAILED_BREAKOUT_FADE,2026,23,0.06824925816023739,14,0.6086956521739131,0.5714285714285714,0.34782608695652173,0.2608695652173913,0.08695652173913043
S4_RESIDENCE_ESCAPE_FOLLOW,2024H1,15,0.04672897196261682,15,1.0,0.5333333333333333,0.5333333333333333,0.4666666666666667,0.06666666666666667
S4_RESIDENCE_ESCAPE_FOLLOW,2024H2,13,0.039755351681957186,9,0.6923076923076923,0.6666666666666666,0.46153846153846156,0.23076923076923078,0.23076923076923078
S4_RESIDENCE_ESCAPE_FOLLOW,2024,28,0.043209876543209874,24,0.8571428571428571,0.5833333333333334,0.5,0.35714285714285715,0.14285714285714285
S4_RESIDENCE_ESCAPE_FOLLOW,2025,26,0.04779411764705882,21,0.8076923076923077,0.6190476190476191,0.5,0.3076923076923077,0.19230769230769232
S4_RESIDENCE_ESCAPE_FOLLOW,2026,22,0.06528189910979229,18,0.8181818181818182,0.4444444444444444,0.36363636363636365,0.45454545454545453,-0.09090909090909091
S5_COMPRESSION_RELEASE_FOLLOW,2024H1,4,0.012461059190031152,3,0.75,0.3333333333333333,0.25,0.5,-0.25
S5_COMPRESSION_RELEASE_FOLLOW,2024H2,7,0.021406727828746176,4,0.5714285714285714,0.5,0.2857142857142857,0.2857142857142857,0.0
S5_COMPRESSION_RELEASE_FOLLOW,2024,11,0.016975308641975308,7,0.6363636363636364,0.42857142857142855,0.2727272727272727,0.36363636363636365,-0.09090909090909091
S5_COMPRESSION_RELEASE_FOLLOW,2025,9,0.016544117647058824,7,0.7777777777777778,0.5714285714285714,0.4444444444444444,0.3333333333333333,0.1111111111111111
S5_COMPRESSION_RELEASE_FOLLOW,2026,13,0.03857566765578635,9,0.6923076923076923,0.4444444444444444,0.3076923076923077,0.38461538461538464,-0.07692307692307693
S6_BB_AWAY3_FOLLOW,2024H1,79,0.24610591900311526,68,0.8607594936708861,0.5147058823529411,0.4430379746835443,0.4177215189873418,0.02531645569620253
S6_BB_AWAY3_FOLLOW,2024H2,92,0.28134556574923547,77,0.8369565217391305,0.5584415584415584,0.4673913043478261,0.3695652173913043,0.09782608695652174
S6_BB_AWAY3_FOLLOW,2024,171,0.2638888888888889,145,0.847953216374269,0.5379310344827586,0.45614035087719296,0.391812865497076,0.06432748538011696
S6_BB_AWAY3_FOLLOW,2025,151,0.2775735294117647,119,0.7880794701986755,0.6050420168067226,0.4768211920529801,0.31125827814569534,0.16556291390728478
S6_BB_AWAY3_FOLLOW,2026,117,0.34718100890207715,95,0.811965811965812,0.5578947368421052,0.452991452991453,0.358974358974359,0.09401709401709402
S7_IMPULSE_PULLBACK_RESUME,2024H1,37,0.11526479750778816,26,0.7027027027027027,0.5769230769230769,0.40540540540540543,0.2972972972972973,0.10810810810810811
S7_IMPULSE_PULLBACK_RESUME,2024H2,23,0.07033639143730887,18,0.782608695652174,0.5,0.391304347826087,0.391304347826087,0.0
S7_IMPULSE_PULLBACK_RESUME,2024,60,0.09259259259259259,44,0.7333333333333333,0.5454545454545454,0.4,0.3333333333333333,0.06666666666666667
S7_IMPULSE_PULLBACK_RESUME,2025,29,0.05330882352941176,24,0.8275862068965517,0.6666666666666666,0.5517241379310345,0.27586206896551724,0.27586206896551724
S7_IMPULSE_PULLBACK_RESUME,2026,29,0.08605341246290801,23,0.7931034482758621,0.391304347826087,0.3103448275862069,0.4827586206896552,-0.1724137931034483
S8_H1_IMPULSE_M5_RESUME,2024H1,33,0.102803738317757,27,0.8181818181818182,0.4444444444444444,0.36363636363636365,0.45454545454545453,-0.09090909090909091
S8_H1_IMPULSE_M5_RESUME,2024H2,38,0.1162079510703364,31,0.8157894736842105,0.5161290322580645,0.42105263157894735,0.39473684210526316,0.02631578947368421
S8_H1_IMPULSE_M5_RESUME,2024,71,0.1095679012345679,58,0.8169014084507042,0.4827586206896552,0.39436619718309857,0.4225352112676056,-0.028169014084507043
S8_H1_IMPULSE_M5_RESUME,2025,52,0.09558823529411764,41,0.7884615384615384,0.6585365853658537,0.5192307692307693,0.2692307692307692,0.25
S8_H1_IMPULSE_M5_RESUME,2026,44,0.13056379821958458,40,0.9090909090909091,0.525,0.4772727272727273,0.4318181818181818,0.045454545454545456
